{"content":[{"item":"minecraft:stone_sword","nbt":"{Unbreakable:1b,Damage:0}","count":1},{"item":"minecraft:ender_pearl","nbt":"{}","count":1},{"item":"minecraft:potion","nbt":"{CustomPotionColor:16771584,CustomPotionEffects:[{Ambient:0b,ShowIcon:1b,ShowParticles:1b,Duration:100,Id:10b,Amplifier:1b},{Ambient:0b,ShowIcon:1b,ShowParticles:1b,Duration:2400,Id:22b,Amplifier:0b}],display:{Name:\u0027{\"text\":\"§ePiss Juice§7™\"}\u0027}}","count":1},{"item":"minecraft:snowball","nbt":"{}","count":4},null,{"item":"minecraft:cobweb","nbt":"{}","count":2},null,null,{"item":"minecraft:shears","nbt":"{Unbreakable:1b,Enchantments:[{lvl:5s,id:\"minecraft:efficiency\"}],Damage:0}","count":1},null,null,null,null,null,null,null,null,null,null,null,null,null,null,null,null,null,null,null,null,null,null,null,null,null,null,null,null,null,null,null,{"item":"minecraft:white_wool","nbt":"{}","count":64}]}