{

	"items": [



		{

			"slot": 0,

			"item": "16 white_wool",

			"costitem": "4 iron_ingot"

		},

		{

			"slot": 1,

			"item": "16 oak_planks",

			"costitem": "4 gold_ingot"

		},

		{

			"slot": 2,

			"item": "12 end_stone",

			"costitem": "24 iron_ingot"

		},

		{

			"slot": 3,

			"item": "4 glass",

			"costitem": "12 iron_ingot"

		},





		{

			"slot": 4,

			"item": "iron_sword",

			"costitem": "10 iron_ingot"

		},

		{

			"slot": 5,

			"item": "diamond_sword",

			"costitem": "6 gold_ingot"

		},

		{

			"slot": 6,

			"item": "netherite_sword",

			"costitem": "4 emerald"

		},

		{

			"slot": 7,

			"item": "4 obsidian",

			"costitem": "8 emerald"

		},





		{

			"slot": 8,

			"item": "chainmail_boots",

			"costitem": "30 iron_ingot",

			"name": "Permanent Chainmail Armor"

		},

		{

			"slot": 9,

			"item": "iron_boots",

			"costitem": "12 gold_ingot",

			"name": "Permanent Iron Armor"

		},

		{

			"slot": 10,

			"item": "diamond_boots",

			"costitem": "6 emerald",

			"name": "Permanent Diamond Armor"

		},

		{

			"slot": 11,

			"item": "4 slime_block",

			"costitem": "4 gold_ingot"

		},





		{

			"slot": 12,

			"type": "upgradeable",

			"upgradeabletype": "pickaxe",

			"items": [

				{

					"item": "wooden_pickaxe",

					"costitem": "10 iron_ingot",

					"nbt": "{Enchantments:[{id:efficiency,lvl:1}]}"

				},

				{

					"item": "stone_pickaxe",

					"costitem": "10 iron_ingot",

					"nbt": "{Enchantments:[{id:efficiency,lvl:2}]}"

				},

				{

					"item": "iron_pickaxe",

					"costitem": "3 gold_ingot",

					"nbt": "{Enchantments:[{id:efficiency,lvl:3}]}"

				},

				{

					"item": "diamond_pickaxe",

					"costitem": "6 gold_ingot",

					"nbt": "{Enchantments:[{id:efficiency,lvl:3}]}"

				}

			]

		},

		{

			"slot": 13,

			"type": "upgradeable",

			"upgradeabletype": "axe",

			"items": [

				{

					"item": "wooden_axe",

					"costitem": "10 iron_ingot",

					"nbt": "{Enchantments:[{id:efficiency,lvl:1}]}"

				},

				{

					"item": "stone_axe",

					"costitem": "10 iron_ingot",

					"nbt": "{Enchantments:[{id:efficiency,lvl:2}]}"

				},

				{

					"item": "iron_axe",

					"costitem": "3 gold_ingot",

					"nbt": "{Enchantments:[{id:efficiency,lvl:3}]}"

				},

				{

					"item": "diamond_axe",

					"costitem": "6 gold_ingot",

					"nbt": "{Enchantments:[{id:efficiency,lvl:3}]}"

				}

			]

		},

		{

			"slot": 14,

			"type": "upgradeable",

			"upgradeabletype": "shear",

			"items": [

				{

					"item": "shears",

					"costitem": "20 iron_ingot"

				},

          			{

					"item": "shears",

					"costitem": "40 iron_ingot",

                                        "nbt": "{Enchantments:[{id:efficiency,lvl:1}]}"

				},

				{

					"item": "shears",

					"costitem": "6 gold_ingot",

                                        "nbt": "{Enchantments:[{id:efficiency,lvl:2}]}"

				}

			]

		},

		{

			"slot": 15,

			"item": "compass",

			"costitem": "2 emerald",

			"name": "Player Tracker",

			"description": "Bedwars Player Tracker points you\\ntowards your closest opponents."

		},





		{

			"slot": 16,

			"item": "trident",

			"costitem": "4 emerald",

			"description": "Returns in 10 seconds after\\nbeing thrown.",

			"nbt": "{Unbreakable:1b,BedWarsTrident:1}"

		},

		{

			"slot": 17,

			"item": "bow",

			"costitem": "12 gold_ingot"

		},

		{

			"slot": 18,

			"item": "bow",

			"costitem": "6 emerald",

			"nbt": "{Enchantments:[{id:punch,lvl:1}]}"

		},

		{

			"slot": 19,

			"item": "4 arrow",

			"costitem": "2 gold_ingot"

		},





		{

			"slot": 20,

			"item": "potion",

			"costitem": "1 emerald",

			"name": "Speed II Potion",

			"nbt": "{CustomPotionEffects:[{Id:1b,Amplifier:1b,Duration:900}],CustomPotionColor:10070783}"

		},

		{

			"slot": 21,

			"item": "potion",

			"costitem": "1 emerald",

			"name": "Jump V Potion",

			"nbt": "{CustomPotionEffects:[{Id:8b,Amplifier:4b,Duration:900}],CustomPotionColor:5636095}"

		},

		{

			"slot": 22,

			"item": "potion",

			"costitem": "2 emerald",

			"name": "Invisibility Potion",

			"nbt": "{CustomPotionEffects:[{Id:14b,Amplifier:0b,Duration:600}],CustomPotionColor:7829367}"

		},

		{

			"slot": 23,

			"item": "golden_apple",

			"costitem": "3 gold_ingot"

		},





		{

			"slot": 24,

			"item": "tnt",

			"costitem": "4 gold_ingot",

			"description": "Fuses immediately after placing.\\nDoes not work against obsidian."

		},

		{

			"slot": 25,

			"item": "fire_charge",

			"costitem": "40 iron_ingot",

			"name": "Fireball",

			"description": "Right click to use."

		},

		{

			"slot": 26,

			"item": "ender_pearl",

			"costitem": "4 emerald"

		},

		{

			"slot": 27,

			"item": "egg",

			"name": "Bridge Egg",

			"description": "Leaves behind a trail of\\nblocks when thrown.",

			"nbt": "{BedWarsBridgeEgg:1}",

			"costitem": "2 emerald"

		}

	]

}