{"content":[{"item":"minecraft:diamond_sword","nbt":"{Unbreakable:1b,Enchantments:[{lvl:1s,id:\"minecraft:sharpness\"}],Damage:0}","count":1},{"item":"minecraft:trident","nbt":"{Unbreakable:1b,Damage:0}","count":1},{"item":"minecraft:diamond_axe","nbt":"{Unbreakable:1b,Enchantments:[{lvl:1s,id:\"minecraft:cleaving\"}],Damage:0}","count":1},null,null,null,null,null,null,null,null,null,null,null,null,null,null,null,null,null,null,null,null,null,null,null,null,null,null,null,null,null,null,null,null,null,{"item":"minecraft:diamond_boots","nbt":"{Unbreakable:1b,Enchantments:[{lvl:2s,id:\"minecraft:protection\"}],Damage:0}","count":1},{"item":"minecraft:diamond_leggings","nbt":"{Unbreakable:1b,Enchantments:[{lvl:2s,id:\"minecraft:protection\"}],Damage:0}","count":1},{"item":"minecraft:diamond_chestplate","nbt":"{Unbreakable:1b,Enchantments:[{lvl:2s,id:\"minecraft:protection\"}],Damage:0}","count":1},{"item":"minecraft:diamond_helmet","nbt":"{Unbreakable:1b,Enchantments:[{lvl:2s,id:\"minecraft:protection\"}],Damage:0}","count":1},null]}