{"content":[{"item":"minecraft:diamond_sword","nbt":"{Damage:0,Enchantments:[{lvl:4s,id:\"minecraft:sharpness\"}]}","count":1},{"item":"minecraft:trident","nbt":"{Damage:0,Enchantments:[{lvl:2s,id:\"minecraft:impaling\"}]}","count":1},{"item":"minecraft:diamond_axe","nbt":"{Damage:0,Enchantments:[{lvl:2s,id:\"minecraft:cleaving\"}]}","count":1},{"item":"minecraft:lava_bucket","nbt":"{}","count":1},{"item":"minecraft:water_bucket","nbt":"{}","count":1},{"item":"minecraft:cobblestone","nbt":"{}","count":64},{"item":"minecraft:crossbow","nbt":"{Damage:0,Enchantments:[{lvl:1s,id:\"minecraft:piercing\"},{lvl:1s,id:\"minecraft:quick_charge\"}]}","count":1},{"item":"minecraft:cobweb","nbt":"{}","count":10},{"item":"minecraft:golden_apple","nbt":"{}","count":13},null,null,null,null,{"item":"minecraft:water_bucket","nbt":"{}","count":1},{"item":"minecraft:water_bucket","nbt":"{}","count":1},null,{"item":"minecraft:shield","nbt":"{Damage:0}","count":1},{"item":"minecraft:arrow","nbt":"{}","count":6},null,null,null,{"item":"minecraft:lava_bucket","nbt":"{}","count":1},{"item":"minecraft:water_bucket","nbt":"{}","count":1},{"item":"minecraft:oak_log","nbt":"{}","count":64},null,null,null,null,null,null,{"item":"minecraft:lava_bucket","nbt":"{}","count":1},{"item":"minecraft:water_bucket","nbt":"{}","count":1},{"item":"minecraft:cobblestone","nbt":"{}","count":64},null,{"item":"minecraft:bow","nbt":"{Damage:0,Enchantments:[{lvl:2s,id:\"minecraft:power\"}]}","count":1},{"item":"minecraft:diamond_pickaxe","nbt":"{Damage:0,Enchantments:[{lvl:2s,id:\"minecraft:efficiency\"}]}","count":1},{"item":"minecraft:diamond_boots","nbt":"{Damage:0,Enchantments:[{lvl:2s,id:\"minecraft:protection\"}]}","count":1},{"item":"minecraft:diamond_leggings","nbt":"{Damage:0,Enchantments:[{lvl:3s,id:\"minecraft:protection\"}]}","count":1},{"item":"minecraft:diamond_chestplate","nbt":"{Damage:0,Enchantments:[{lvl:3s,id:\"minecraft:protection\"}]}","count":1},{"item":"minecraft:diamond_helmet","nbt":"{Damage:0,Enchantments:[{lvl:2s,id:\"minecraft:protection\"}]}","count":1},{"item":"minecraft:shield","nbt":"{Damage:0}","count":1}]}