{"content":[{"item":"minecraft:diamond_sword","nbt":"{Enchantments:[{lvl:5s,id:\"minecraft:sharpness\"},{lvl:3s,id:\"minecraft:looting\"},{lvl:3s,id:\"minecraft:unbreaking\"},{lvl:1s,id:\"minecraft:mending\"},{lvl:3s,id:\"minecraft:sweeping\"},{lvl:2s,id:\"minecraft:fire_aspect\"}],Damage:0}","count":1},{"item":"minecraft:ender_pearl","nbt":"{}","count":16},{"item":"minecraft:golden_apple","nbt":"{}","count":64},{"item":"minecraft:bow","nbt":"{Enchantments:[{lvl:5s,id:\"minecraft:power\"},{lvl:2s,id:\"minecraft:punch\"},{lvl:1s,id:\"minecraft:flame\"},{lvl:3s,id:\"minecraft:unbreaking\"},{lvl:1s,id:\"minecraft:mending\"}],Damage:0}","count":1},{"item":"minecraft:rail","nbt":"{}","count":64},{"item":"minecraft:tnt_minecart","nbt":"{}","count":1},{"item":"minecraft:potion","nbt":"{Potion:\"minecraft:long_fire_resistance\"}","count":16},{"item":"minecraft:potion","nbt":"{Potion:\"minecraft:strong_strength\"}","count":16},{"item":"minecraft:potion","nbt":"{Potion:\"minecraft:strong_swiftness\"}","count":16},{"item":"minecraft:tipped_arrow","nbt":"{Potion:\"minecraft:strong_harming\"}","count":64},{"item":"minecraft:experience_bottle","nbt":"{}","count":64},{"item":"minecraft:shield","nbt":"{Enchantments:[{lvl:3s,id:\"minecraft:unbreaking\"},{lvl:1s,id:\"minecraft:mending\"}],Damage:0}","count":1},{"item":"minecraft:tnt_minecart","nbt":"{}","count":1},{"item":"minecraft:tnt_minecart","nbt":"{}","count":1},{"item":"minecraft:tnt_minecart","nbt":"{}","count":1},{"item":"minecraft:tnt_minecart","nbt":"{}","count":1},{"item":"minecraft:splash_potion","nbt":"{Potion:\"minecraft:strong_strength\"}","count":1},{"item":"minecraft:splash_potion","nbt":"{Potion:\"minecraft:strong_swiftness\"}","count":1},{"item":"minecraft:diamond_leggings","nbt":"{Enchantments:[{lvl:4s,id:\"minecraft:blast_protection\"},{lvl:3s,id:\"minecraft:unbreaking\"},{lvl:1s,id:\"minecraft:mending\"}],Damage:0}","count":1},{"item":"minecraft:diamond_axe","nbt":"{RepairCost:1,Enchantments:[{lvl:3s,id:\"minecraft:cleaving\"},{lvl:5s,id:\"minecraft:efficiency\"},{lvl:3s,id:\"minecraft:unbreaking\"},{lvl:1s,id:\"minecraft:mending\"},{lvl:2s,id:\"minecraft:fire_aspect\"},{lvl:3s,id:\"minecraft:sweeping\"},{lvl:3s,id:\"minecraft:fortune\"},{lvl:3s,id:\"minecraft:looting\"}],Damage:0}","count":1},{"item":"minecraft:potion","nbt":"{Potion:\"minecraft:strong_healing\"}","count":16},{"item":"minecraft:tnt_minecart","nbt":"{}","count":1},{"item":"minecraft:tnt_minecart","nbt":"{}","count":1},{"item":"minecraft:tnt_minecart","nbt":"{}","count":1},{"item":"minecraft:tnt_minecart","nbt":"{}","count":1},{"item":"minecraft:splash_potion","nbt":"{Potion:\"minecraft:strong_strength\"}","count":1},{"item":"minecraft:splash_potion","nbt":"{Potion:\"minecraft:strong_swiftness\"}","count":1},{"item":"minecraft:ender_pearl","nbt":"{}","count":16},{"item":"minecraft:ender_pearl","nbt":"{}","count":16},{"item":"minecraft:potion","nbt":"{Potion:\"minecraft:strong_healing\"}","count":16},{"item":"minecraft:tnt_minecart","nbt":"{}","count":1},{"item":"minecraft:tnt_minecart","nbt":"{}","count":1},{"item":"minecraft:tnt_minecart","nbt":"{}","count":1},{"item":"minecraft:tnt_minecart","nbt":"{}","count":1},{"item":"minecraft:cobweb","nbt":"{}","count":64},{"item":"minecraft:oak_log","nbt":"{}","count":64},{"item":"minecraft:diamond_boots","nbt":"{RepairCost:1,Enchantments:[{lvl:4s,id:\"minecraft:protection\"},{lvl:3s,id:\"minecraft:unbreaking\"},{lvl:1s,id:\"minecraft:mending\"},{lvl:4s,id:\"minecraft:feather_falling\"},{lvl:3s,id:\"minecraft:depth_strider\"}],Damage:0}","count":1},{"item":"minecraft:diamond_leggings","nbt":"{RepairCost:1,Enchantments:[{lvl:4s,id:\"minecraft:protection\"},{lvl:3s,id:\"minecraft:unbreaking\"},{lvl:1s,id:\"minecraft:mending\"}],Damage:0}","count":1},{"item":"minecraft:diamond_chestplate","nbt":"{RepairCost:1,Enchantments:[{lvl:4s,id:\"minecraft:protection\"},{lvl:3s,id:\"minecraft:unbreaking\"},{lvl:1s,id:\"minecraft:mending\"}],Damage:0}","count":1},{"item":"minecraft:diamond_helmet","nbt":"{RepairCost:1,Enchantments:[{lvl:3s,id:\"minecraft:respiration\"},{lvl:1s,id:\"minecraft:mending\"},{lvl:3s,id:\"minecraft:unbreaking\"},{lvl:4s,id:\"minecraft:protection\"},{lvl:1s,id:\"minecraft:aqua_affinity\"}],Damage:0}","count":1},{"item":"minecraft:totem_of_undying","nbt":"{}","count":1}]}