{"content":[{"item":"minecraft:diamond_sword","nbt":"{Enchantments:[{lvl:5s,id:\"minecraft:sharpness\"},{lvl:3s,id:\"minecraft:sweeping\"},{lvl:3s,id:\"minecraft:unbreaking\"},{lvl:3s,id:\"minecraft:looting\"},{lvl:1s,id:\"minecraft:mending\"}],Damage:0}","count":1},{"item":"minecraft:obsidian","nbt":"{}","count":64},{"item":"minecraft:end_crystal","nbt":"{}","count":64},{"item":"minecraft:potion","nbt":"{Potion:\"minecraft:strong_swiftness\"}","count":16},{"item":"minecraft:potion","nbt":"{Potion:\"minecraft:strong_strength\"}","count":16},{"item":"minecraft:ender_pearl","nbt":"{}","count":16},{"item":"minecraft:totem_of_undying","nbt":"{}","count":1},{"item":"minecraft:potion","nbt":"{Potion:\"minecraft:long_regeneration\"}","count":16},{"item":"minecraft:potion","nbt":"{Potion:\"minecraft:strong_healing\"}","count":16},{"item":"minecraft:experience_bottle","nbt":"{}","count":64},{"item":"minecraft:golden_apple","nbt":"{}","count":64},{"item":"minecraft:totem_of_undying","nbt":"{}","count":1},{"item":"minecraft:totem_of_undying","nbt":"{}","count":1},{"item":"minecraft:totem_of_undying","nbt":"{}","count":1},{"item":"minecraft:totem_of_undying","nbt":"{}","count":1},{"item":"minecraft:totem_of_undying","nbt":"{}","count":1},{"item":"minecraft:potion","nbt":"{Potion:\"minecraft:strong_swiftness\"}","count":16},{"item":"minecraft:potion","nbt":"{Potion:\"minecraft:strong_healing\"}","count":16},{"item":"minecraft:experience_bottle","nbt":"{}","count":64},{"item":"minecraft:obsidian","nbt":"{}","count":64},{"item":"minecraft:end_crystal","nbt":"{}","count":64},{"item":"minecraft:totem_of_undying","nbt":"{}","count":1},{"item":"minecraft:totem_of_undying","nbt":"{}","count":1},{"item":"minecraft:totem_of_undying","nbt":"{}","count":1},{"item":"minecraft:ender_pearl","nbt":"{}","count":16},{"item":"minecraft:potion","nbt":"{Potion:\"minecraft:strong_strength\"}","count":16},{"item":"minecraft:potion","nbt":"{Potion:\"minecraft:strong_healing\"}","count":16},{"item":"minecraft:diamond_pickaxe","nbt":"{Enchantments:[{lvl:5s,id:\"minecraft:efficiency\"},{lvl:3s,id:\"minecraft:fortune\"},{lvl:3s,id:\"minecraft:unbreaking\"},{lvl:1s,id:\"minecraft:mending\"}],Damage:0}","count":1},{"item":"minecraft:obsidian","nbt":"{}","count":64},{"item":"minecraft:end_crystal","nbt":"{}","count":64},{"item":"minecraft:ender_pearl","nbt":"{}","count":16},{"item":"minecraft:ender_pearl","nbt":"{}","count":16},{"item":"minecraft:ender_pearl","nbt":"{}","count":16},{"item":"minecraft:ender_pearl","nbt":"{}","count":16},{"item":"minecraft:potion","nbt":"{Potion:\"minecraft:long_regeneration\"}","count":16},{"item":"minecraft:potion","nbt":"{Potion:\"minecraft:strong_healing\"}","count":16},{"item":"minecraft:diamond_boots","nbt":"{RepairCost:7,Enchantments:[{lvl:4s,id:\"minecraft:protection\"},{lvl:3s,id:\"minecraft:unbreaking\"},{lvl:3s,id:\"minecraft:soul_speed\"},{lvl:4s,id:\"minecraft:feather_falling\"},{lvl:3s,id:\"minecraft:depth_strider\"},{lvl:1s,id:\"minecraft:mending\"}],Damage:0}","count":1},{"item":"minecraft:diamond_leggings","nbt":"{Enchantments:[{lvl:4s,id:\"minecraft:blast_protection\"},{lvl:3s,id:\"minecraft:unbreaking\"},{lvl:1s,id:\"minecraft:mending\"}],Damage:0}","count":1},{"item":"minecraft:diamond_chestplate","nbt":"{Enchantments:[{lvl:4s,id:\"minecraft:protection\"},{lvl:3s,id:\"minecraft:unbreaking\"},{lvl:1s,id:\"minecraft:mending\"}],Damage:0}","count":1},{"item":"minecraft:diamond_helmet","nbt":"{RepairCost:3,Enchantments:[{lvl:4s,id:\"minecraft:protection\"},{lvl:3s,id:\"minecraft:unbreaking\"},{lvl:3s,id:\"minecraft:respiration\"},{lvl:1s,id:\"minecraft:aqua_affinity\"},{lvl:1s,id:\"minecraft:mending\"}],Damage:0}","count":1},{"item":"minecraft:totem_of_undying","nbt":"{}","count":1}]}