{"content":[{"item":"minecraft:netherite_sword","nbt":"{Enchantments:[{lvl:5s,id:\"minecraft:sharpness\"},{lvl:3s,id:\"minecraft:sweeping\"},{lvl:3s,id:\"minecraft:unbreaking\"},{lvl:3s,id:\"minecraft:looting\"},{lvl:1s,id:\"minecraft:mending\"},{lvl:1s,id:\"minecraft:knockback\"}],Damage:0}","count":1},{"item":"minecraft:golden_apple","nbt":"{}","count":64},{"item":"minecraft:splash_potion","nbt":"{Potion:\"minecraft:strong_healing\"}","count":1},{"item":"minecraft:splash_potion","nbt":"{Potion:\"minecraft:strong_healing\"}","count":1},{"item":"minecraft:splash_potion","nbt":"{Potion:\"minecraft:strong_healing\"}","count":1},{"item":"minecraft:splash_potion","nbt":"{Potion:\"minecraft:strong_healing\"}","count":1},{"item":"minecraft:splash_potion","nbt":"{Potion:\"minecraft:strong_healing\"}","count":1},{"item":"minecraft:potion","nbt":"{Potion:\"minecraft:strong_strength\"}","count":16},{"item":"minecraft:potion","nbt":"{Potion:\"minecraft:strong_swiftness\"}","count":16},{"item":"minecraft:netherite_sword","nbt":"{Enchantments:[{lvl:5s,id:\"minecraft:sharpness\"},{lvl:3s,id:\"minecraft:sweeping\"},{lvl:3s,id:\"minecraft:unbreaking\"},{lvl:3s,id:\"minecraft:looting\"},{lvl:1s,id:\"minecraft:mending\"}],Damage:0}","count":1},{"item":"minecraft:splash_potion","nbt":"{Potion:\"minecraft:strong_healing\"}","count":1},{"item":"minecraft:splash_potion","nbt":"{Potion:\"minecraft:strong_healing\"}","count":1},{"item":"minecraft:splash_potion","nbt":"{Potion:\"minecraft:strong_healing\"}","count":1},{"item":"minecraft:splash_potion","nbt":"{Potion:\"minecraft:strong_healing\"}","count":1},{"item":"minecraft:splash_potion","nbt":"{Potion:\"minecraft:strong_healing\"}","count":1},{"item":"minecraft:splash_potion","nbt":"{Potion:\"minecraft:strong_healing\"}","count":1},{"item":"minecraft:splash_potion","nbt":"{Potion:\"minecraft:strong_strength\"}","count":1},{"item":"minecraft:splash_potion","nbt":"{Potion:\"minecraft:strong_swiftness\"}","count":1},{"item":"minecraft:experience_bottle","nbt":"{}","count":64},{"item":"minecraft:splash_potion","nbt":"{Potion:\"minecraft:strong_healing\"}","count":1},{"item":"minecraft:splash_potion","nbt":"{Potion:\"minecraft:strong_healing\"}","count":1},{"item":"minecraft:splash_potion","nbt":"{Potion:\"minecraft:strong_healing\"}","count":1},{"item":"minecraft:splash_potion","nbt":"{Potion:\"minecraft:strong_healing\"}","count":1},{"item":"minecraft:splash_potion","nbt":"{Potion:\"minecraft:strong_healing\"}","count":1},{"item":"minecraft:splash_potion","nbt":"{Potion:\"minecraft:strong_healing\"}","count":1},{"item":"minecraft:splash_potion","nbt":"{Potion:\"minecraft:strong_strength\"}","count":1},{"item":"minecraft:splash_potion","nbt":"{Potion:\"minecraft:strong_swiftness\"}","count":1},{"item":"minecraft:experience_bottle","nbt":"{}","count":64},{"item":"minecraft:splash_potion","nbt":"{Potion:\"minecraft:strong_healing\"}","count":1},{"item":"minecraft:splash_potion","nbt":"{Potion:\"minecraft:strong_healing\"}","count":1},{"item":"minecraft:splash_potion","nbt":"{Potion:\"minecraft:strong_healing\"}","count":1},{"item":"minecraft:splash_potion","nbt":"{Potion:\"minecraft:strong_healing\"}","count":1},{"item":"minecraft:splash_potion","nbt":"{Potion:\"minecraft:strong_healing\"}","count":1},{"item":"minecraft:splash_potion","nbt":"{Potion:\"minecraft:strong_healing\"}","count":1},{"item":"minecraft:splash_potion","nbt":"{Potion:\"minecraft:strong_strength\"}","count":1},{"item":"minecraft:splash_potion","nbt":"{Potion:\"minecraft:strong_swiftness\"}","count":1},{"item":"minecraft:netherite_boots","nbt":"{RepairCost:1,Enchantments:[{lvl:4s,id:\"minecraft:protection\"},{lvl:3s,id:\"minecraft:unbreaking\"},{lvl:1s,id:\"minecraft:mending\"}],Damage:0}","count":1},{"item":"minecraft:netherite_leggings","nbt":"{Enchantments:[{lvl:3s,id:\"minecraft:protection\"},{lvl:3s,id:\"minecraft:unbreaking\"},{lvl:1s,id:\"minecraft:mending\"}],Damage:0}","count":1},{"item":"minecraft:netherite_chestplate","nbt":"{Enchantments:[{lvl:3s,id:\"minecraft:protection\"},{lvl:3s,id:\"minecraft:unbreaking\"},{lvl:1s,id:\"minecraft:mending\"}],Damage:0}","count":1},{"item":"minecraft:netherite_helmet","nbt":"{Enchantments:[{lvl:4s,id:\"minecraft:protection\"},{lvl:3s,id:\"minecraft:unbreaking\"},{lvl:1s,id:\"minecraft:mending\"}],Damage:0}","count":1},{"item":"minecraft:totem_of_undying","nbt":"{}","count":1}]}