{"content":[{"item":"minecraft:diamond_sword","nbt":"{Enchantments:[{lvl:1s,id:\"minecraft:sharpness\"},{lvl:3s,id:\"minecraft:unbreaking\"}],Damage:0}","count":1},{"item":"minecraft:ender_pearl","nbt":"{}","count":16},{"item":"minecraft:trident","nbt":"{Enchantments:[{lvl:1s,id:\"minecraft:loyalty\"},{lvl:3s,id:\"minecraft:unbreaking\"}],Damage:0}","count":1},{"item":"minecraft:splash_potion","nbt":"{Potion:\"minecraft:strong_healing\"}","count":1},{"item":"minecraft:splash_potion","nbt":"{Potion:\"minecraft:strong_healing\"}","count":1},{"item":"minecraft:splash_potion","nbt":"{Potion:\"minecraft:strong_healing\"}","count":1},{"item":"minecraft:splash_potion","nbt":"{Potion:\"minecraft:strong_healing\"}","count":1},{"item":"minecraft:potion","nbt":"{Potion:\"minecraft:strong_strength\"}","count":16},{"item":"minecraft:potion","nbt":"{Potion:\"minecraft:strong_swiftness\"}","count":16},{"item":"minecraft:splash_potion","nbt":"{Potion:\"minecraft:strong_healing\"}","count":1},{"item":"minecraft:splash_potion","nbt":"{Potion:\"minecraft:strong_healing\"}","count":1},{"item":"minecraft:splash_potion","nbt":"{Potion:\"minecraft:strong_healing\"}","count":1},{"item":"minecraft:splash_potion","nbt":"{Potion:\"minecraft:strong_healing\"}","count":1},{"item":"minecraft:splash_potion","nbt":"{Potion:\"minecraft:strong_healing\"}","count":1},{"item":"minecraft:splash_potion","nbt":"{Potion:\"minecraft:strong_healing\"}","count":1},{"item":"minecraft:splash_potion","nbt":"{Potion:\"minecraft:strong_healing\"}","count":1},{"item":"minecraft:splash_potion","nbt":"{Potion:\"minecraft:strong_strength\"}","count":1},{"item":"minecraft:splash_potion","nbt":"{Potion:\"minecraft:strong_swiftness\"}","count":1},{"item":"minecraft:splash_potion","nbt":"{Potion:\"minecraft:strong_healing\"}","count":1},{"item":"minecraft:splash_potion","nbt":"{Potion:\"minecraft:strong_healing\"}","count":1},{"item":"minecraft:splash_potion","nbt":"{Potion:\"minecraft:strong_healing\"}","count":1},{"item":"minecraft:splash_potion","nbt":"{Potion:\"minecraft:strong_healing\"}","count":1},{"item":"minecraft:splash_potion","nbt":"{Potion:\"minecraft:strong_healing\"}","count":1},{"item":"minecraft:splash_potion","nbt":"{Potion:\"minecraft:strong_healing\"}","count":1},{"item":"minecraft:splash_potion","nbt":"{Potion:\"minecraft:strong_healing\"}","count":1},{"item":"minecraft:splash_potion","nbt":"{Potion:\"minecraft:strong_strength\"}","count":1},{"item":"minecraft:splash_potion","nbt":"{Potion:\"minecraft:strong_swiftness\"}","count":1},{"item":"minecraft:splash_potion","nbt":"{Potion:\"minecraft:strong_healing\"}","count":1},{"item":"minecraft:splash_potion","nbt":"{Potion:\"minecraft:strong_healing\"}","count":1},{"item":"minecraft:splash_potion","nbt":"{Potion:\"minecraft:strong_healing\"}","count":1},{"item":"minecraft:splash_potion","nbt":"{Potion:\"minecraft:strong_healing\"}","count":1},{"item":"minecraft:splash_potion","nbt":"{Potion:\"minecraft:strong_healing\"}","count":1},{"item":"minecraft:splash_potion","nbt":"{Potion:\"minecraft:strong_healing\"}","count":1},{"item":"minecraft:splash_potion","nbt":"{Potion:\"minecraft:strong_healing\"}","count":1},{"item":"minecraft:splash_potion","nbt":"{Potion:\"minecraft:strong_strength\"}","count":1},{"item":"minecraft:splash_potion","nbt":"{Potion:\"minecraft:strong_swiftness\"}","count":1},{"item":"minecraft:diamond_boots","nbt":"{Enchantments:[{lvl:1s,id:\"minecraft:protection\"},{lvl:3s,id:\"minecraft:unbreaking\"},{lvl:4s,id:\"minecraft:feather_falling\"}],Damage:0}","count":1},{"item":"minecraft:diamond_leggings","nbt":"{Enchantments:[{lvl:1s,id:\"minecraft:protection\"},{lvl:3s,id:\"minecraft:unbreaking\"}],Damage:0}","count":1},{"item":"minecraft:diamond_chestplate","nbt":"{Enchantments:[{lvl:1s,id:\"minecraft:protection\"},{lvl:3s,id:\"minecraft:unbreaking\"}],Damage:0}","count":1},{"item":"minecraft:diamond_helmet","nbt":"{Enchantments:[{lvl:1s,id:\"minecraft:protection\"},{lvl:3s,id:\"minecraft:unbreaking\"}],Damage:0}","count":1},{"item":"minecraft:cooked_beef","nbt":"{}","count":64}]}