{"content":[{"item":"minecraft:diamond_sword","nbt":"{Unbreakable:1,Enchantments:[{lvl:4s,id:\"minecraft:sharpness\"}],Damage:0}","count":1},{"item":"minecraft:diamond_axe","nbt":"{Unbreakable:1,Enchantments:[{lvl:2s,id:\"minecraft:cleaving\"}],Damage:0}","count":1},{"item":"minecraft:crossbow","nbt":"{Unbreakable:1,Enchantments:[{lvl:1s,id:\"minecraft:quick_charge\"}],Damage:0}","count":1},{"item":"minecraft:bow","nbt":"{Unbreakable:1,Enchantments:[{lvl:3s,id:\"minecraft:power\"}],Damage:0}","count":1},{"item":"minecraft:arrow","nbt":"{}","count":4},null,null,null,null,null,null,null,null,null,null,null,null,null,null,null,null,null,null,null,null,null,null,null,null,null,null,null,null,null,null,null,{"item":"minecraft:diamond_boots","nbt":"{Unbreakable:1,Enchantments:[{lvl:2s,id:\"minecraft:protection\"}],Damage:0}","count":1},{"item":"minecraft:diamond_leggings","nbt":"{Unbreakable:1,Enchantments:[{lvl:3s,id:\"minecraft:protection\"}],Damage:0}","count":1},{"item":"minecraft:diamond_chestplate","nbt":"{Unbreakable:1,Enchantments:[{lvl:3s,id:\"minecraft:protection\"}],Damage:0}","count":1},{"item":"minecraft:diamond_helmet","nbt":"{Unbreakable:1,Enchantments:[{lvl:2s,id:\"minecraft:protection\"}],Damage:0}","count":1},{"item":"minecraft:shield","nbt":"{Damage:0}","count":1}]}