{"content":[{"item":"minecraft:diamond_sword","nbt":"{Unbreakable:1,Enchantments:[{lvl:1s,id:\"minecraft:sharpness\"}],Damage:0}","count":1},null,null,null,null,null,null,null,null,null,null,null,null,null,null,null,null,null,null,null,null,null,null,null,null,null,null,null,null,null,null,null,null,null,null,null,{"item":"minecraft:diamond_boots","nbt":"{RepairCost:0,Unbreakable:1b,Enchantments:[{lvl:3s,id:\"minecraft:protection\"}],Damage:0}","count":1},{"item":"minecraft:diamond_leggings","nbt":"{RepairCost:0,Unbreakable:1b,Enchantments:[{lvl:3s,id:\"minecraft:protection\"}],Damage:0}","count":1},{"item":"minecraft:diamond_chestplate","nbt":"{RepairCost:0,Unbreakable:1b,Enchantments:[{lvl:3s,id:\"minecraft:protection\"}],Damage:0}","count":1},{"item":"minecraft:diamond_helmet","nbt":"{RepairCost:0,Unbreakable:1b,Enchantments:[{lvl:3s,id:\"minecraft:protection\"}],Damage:0}","count":1},null]}