{"content":[{"item":"minecraft:trident","nbt":"{Unbreakable:1b,Enchantments:[{lvl:1s,id:\"minecraft:riptide\"}],Damage:0}","count":1},{"item":"minecraft:trident","nbt":"{Unbreakable:1b,Enchantments:[{lvl:1s,id:\"minecraft:loyalty\"}],Damage:0}","count":1},null,null,null,null,null,null,null,null,null,null,null,null,null,null,null,null,null,null,null,null,null,null,null,null,null,null,null,null,null,null,null,null,null,null,{"item":"minecraft:diamond_boots","nbt":"{Unbreakable:1,Enchantments:[{lvl:3s,id:\"minecraft:protection\"}],Damage:0}","count":1},{"item":"minecraft:diamond_leggings","nbt":"{Unbreakable:1,Enchantments:[{lvl:2s,id:\"minecraft:protection\"}],Damage:0}","count":1},{"item":"minecraft:diamond_chestplate","nbt":"{Unbreakable:1,Enchantments:[{lvl:2s,id:\"minecraft:protection\"}],Damage:0}","count":1},{"item":"minecraft:diamond_helmet","nbt":"{Unbreakable:1,Enchantments:[{lvl:3s,id:\"minecraft:protection\"}],Damage:0}","count":1},null]}