{"content":[{"item":"minecraft:diamond_sword","nbt":"{RepairCost:0,Enchantments:[{lvl:4s,id:\"minecraft:sharpness\"}],Damage:0}","count":1},{"item":"minecraft:trident","nbt":"{RepairCost:0,Enchantments:[{lvl:2s,id:\"minecraft:impaling\"}],Damage:0}","count":1},{"item":"minecraft:diamond_axe","nbt":"{RepairCost:0,Enchantments:[{lvl:2s,id:\"minecraft:cleaving\"}],Damage:0}","count":1},{"item":"minecraft:lava_bucket","nbt":"{}","count":1},{"item":"minecraft:water_bucket","nbt":"{}","count":1},{"item":"minecraft:cobblestone","nbt":"{}","count":64},{"item":"minecraft:crossbow","nbt":"{Enchantments:[{lvl:1s,id:\"minecraft:piercing\"},{lvl:1s,id:\"minecraft:quick_charge\"}],Damage:0}","count":1},{"item":"minecraft:cobweb","nbt":"{}","count":10},{"item":"minecraft:bow","nbt":"{RepairCost:1,Enchantments:[{lvl:3s,id:\"minecraft:power\"}],Damage:0}","count":1},null,null,null,null,{"item":"minecraft:water_bucket","nbt":"{}","count":1},{"item":"minecraft:water_bucket","nbt":"{}","count":1},null,null,{"item":"minecraft:arrow","nbt":"{}","count":6},null,null,null,{"item":"minecraft:lava_bucket","nbt":"{}","count":1},{"item":"minecraft:water_bucket","nbt":"{}","count":1},{"item":"minecraft:oak_log","nbt":"{}","count":64},null,null,null,null,null,null,{"item":"minecraft:lava_bucket","nbt":"{}","count":1},{"item":"minecraft:water_bucket","nbt":"{}","count":1},{"item":"minecraft:cobblestone","nbt":"{}","count":64},null,null,{"item":"minecraft:diamond_pickaxe","nbt":"{RepairCost:0,Enchantments:[{lvl:2s,id:\"minecraft:efficiency\"}],Damage:0}","count":1},{"item":"minecraft:diamond_boots","nbt":"{RepairCost:0,Enchantments:[{lvl:2s,id:\"minecraft:protection\"}],Damage:0}","count":1},{"item":"minecraft:diamond_leggings","nbt":"{RepairCost:0,Enchantments:[{lvl:3s,id:\"minecraft:protection\"}],Damage:0}","count":1},{"item":"minecraft:diamond_chestplate","nbt":"{RepairCost:0,Enchantments:[{lvl:3s,id:\"minecraft:protection\"}],Damage:0}","count":1},{"item":"minecraft:diamond_helmet","nbt":"{RepairCost:0,Enchantments:[{lvl:2s,id:\"minecraft:protection\"}],Damage:0}","count":1},{"item":"minecraft:golden_apple","nbt":"{}","count":13}]}