{"content":[{"item":"minecraft:netherite_sword","nbt":"{Enchantments:[{lvl:5s,id:\"minecraft:sharpness\"},{lvl:3s,id:\"minecraft:looting\"},{lvl:3s,id:\"minecraft:unbreaking\"},{lvl:1s,id:\"minecraft:mending\"},{lvl:3s,id:\"minecraft:sweeping\"},{lvl:2s,id:\"minecraft:fire_aspect\"},{lvl:1s,id:\"minecraft:knockback\"}],Damage:0}","count":1},{"item":"minecraft:ender_pearl","nbt":"{}","count":16},{"item":"minecraft:golden_apple","nbt":"{}","count":64},{"item":"minecraft:crossbow","nbt":"{Enchantments:[{lvl:4s,id:\"minecraft:piercing\"},{lvl:3s,id:\"minecraft:quick_charge\"},{lvl:3s,id:\"minecraft:unbreaking\"},{lvl:1s,id:\"minecraft:mending\"}],Damage:0}","count":1},{"item":"minecraft:respawn_anchor","nbt":"{}","count":64},{"item":"minecraft:glowstone","nbt":"{}","count":64},{"item":"minecraft:totem_of_undying","nbt":"{}","count":1},{"item":"minecraft:obsidian","nbt":"{}","count":64},{"item":"minecraft:end_crystal","nbt":"{}","count":64},{"item":"minecraft:ender_pearl","nbt":"{}","count":16},{"item":"minecraft:ender_pearl","nbt":"{}","count":16},{"item":"minecraft:experience_bottle","nbt":"{}","count":64},{"item":"minecraft:totem_of_undying","nbt":"{}","count":1},{"item":"minecraft:totem_of_undying","nbt":"{}","count":1},{"item":"minecraft:totem_of_undying","nbt":"{}","count":1},{"item":"minecraft:elytra","nbt":"{Enchantments:[{lvl:3s,id:\"minecraft:unbreaking\"},{lvl:1s,id:\"minecraft:mending\"}],Damage:0}","count":1},{"item":"minecraft:firework_rocket","nbt":"{Fireworks:{Flight:3b}}","count":64},{"item":"minecraft:tipped_arrow","nbt":"{Potion:\"minecraft:long_slow_falling\"}","count":64},{"item":"minecraft:ender_pearl","nbt":"{}","count":16},{"item":"minecraft:ender_pearl","nbt":"{}","count":16},{"item":"minecraft:experience_bottle","nbt":"{}","count":64},{"item":"minecraft:totem_of_undying","nbt":"{}","count":1},{"item":"minecraft:totem_of_undying","nbt":"{}","count":1},{"item":"minecraft:totem_of_undying","nbt":"{}","count":1},{"item":"minecraft:shield","nbt":"{Enchantments:[{lvl:3s,id:\"minecraft:unbreaking\"},{lvl:1s,id:\"minecraft:mending\"}],Damage:0}","count":1},{"item":"minecraft:netherite_axe","nbt":"{RepairCost:1,Enchantments:[{lvl:3s,id:\"minecraft:cleaving\"},{lvl:5s,id:\"minecraft:efficiency\"},{lvl:3s,id:\"minecraft:unbreaking\"},{lvl:1s,id:\"minecraft:mending\"},{lvl:2s,id:\"minecraft:fire_aspect\"},{lvl:3s,id:\"minecraft:sweeping\"},{lvl:3s,id:\"minecraft:fortune\"},{lvl:3s,id:\"minecraft:looting\"},{lvl:1s,id:\"minecraft:knockback\"}],Damage:0}","count":1},{"item":"minecraft:netherite_pickaxe","nbt":"{Enchantments:[{lvl:5s,id:\"minecraft:efficiency\"},{lvl:3s,id:\"minecraft:fortune\"},{lvl:3s,id:\"minecraft:unbreaking\"},{lvl:1s,id:\"minecraft:mending\"}],Damage:0}","count":1},{"item":"minecraft:ender_pearl","nbt":"{}","count":16},{"item":"minecraft:ender_pearl","nbt":"{}","count":16},{"item":"minecraft:experience_bottle","nbt":"{}","count":64},{"item":"minecraft:potion","nbt":"{Potion:\"minecraft:long_invisibility\"}","count":16},{"item":"minecraft:potion","nbt":"{Potion:\"minecraft:strong_swiftness\"}","count":16},{"item":"minecraft:potion","nbt":"{Potion:\"minecraft:strong_strength\"}","count":16},{"item":"minecraft:ender_chest","nbt":"{}","count":64},{"item":"minecraft:obsidian","nbt":"{}","count":64},{"item":"minecraft:end_crystal","nbt":"{}","count":64},{"item":"minecraft:netherite_boots","nbt":"{Enchantments:[{lvl:4s,id:\"minecraft:protection\"},{lvl:3s,id:\"minecraft:unbreaking\"},{lvl:1s,id:\"minecraft:mending\"},{lvl:3s,id:\"minecraft:depth_strider\"},{lvl:3s,id:\"minecraft:soul_speed\"},{lvl:4s,id:\"minecraft:feather_falling\"}],Damage:0}","count":1},{"item":"minecraft:netherite_leggings","nbt":"{Enchantments:[{lvl:4s,id:\"minecraft:blast_protection\"},{lvl:3s,id:\"minecraft:unbreaking\"},{lvl:1s,id:\"minecraft:mending\"}],Damage:0}","count":1},{"item":"minecraft:netherite_chestplate","nbt":"{Enchantments:[{lvl:4s,id:\"minecraft:protection\"},{lvl:3s,id:\"minecraft:unbreaking\"},{lvl:1s,id:\"minecraft:mending\"}],Damage:0}","count":1},{"item":"minecraft:netherite_helmet","nbt":"{Enchantments:[{lvl:4s,id:\"minecraft:protection\"},{lvl:3s,id:\"minecraft:unbreaking\"},{lvl:1s,id:\"minecraft:mending\"},{lvl:1s,id:\"minecraft:aqua_affinity\"},{lvl:3s,id:\"minecraft:respiration\"}],Damage:0}","count":1},{"item":"minecraft:totem_of_undying","nbt":"{}","count":1}]}